metric,value
train_rmse,117519166.96692826
test_rmse,245062346.70669252
train_mae,29343406.012978755
test_mae,52528658.34830318
train_r2,0.9923643587324038
test_r2,0.9747782198333653
