metric,value
train_accuracy,0.9027014652014652
test_accuracy,0.8526989935956084
train_mae,0.10027472527472528
test_mae,0.15279048490393413
train_within_1_bin,0.9970238095238095
test_within_1_bin,0.9945105215004575
